-- MariaDB dump 10.19  Distrib 10.8.3-MariaDB, for osx10.17 (arm64)
--
-- Host: localhost    Database: db_knowledge_relationships
-- ------------------------------------------------------
-- Server version	10.8.3-MariaDB

/*!40101 SET @OLD_CHARACTER_SET_CLIENT=@@CHARACTER_SET_CLIENT */;
/*!40101 SET @OLD_CHARACTER_SET_RESULTS=@@CHARACTER_SET_RESULTS */;
/*!40101 SET @OLD_COLLATION_CONNECTION=@@COLLATION_CONNECTION */;
/*!40101 SET NAMES utf8mb4 */;
/*!40103 SET @OLD_TIME_ZONE=@@TIME_ZONE */;
/*!40103 SET TIME_ZONE='+00:00' */;
/*!40014 SET @OLD_UNIQUE_CHECKS=@@UNIQUE_CHECKS, UNIQUE_CHECKS=0 */;
/*!40014 SET @OLD_FOREIGN_KEY_CHECKS=@@FOREIGN_KEY_CHECKS, FOREIGN_KEY_CHECKS=0 */;
/*!40101 SET @OLD_SQL_MODE=@@SQL_MODE, SQL_MODE='NO_AUTO_VALUE_ON_ZERO' */;
/*!40111 SET @OLD_SQL_NOTES=@@SQL_NOTES, SQL_NOTES=0 */;

--
-- Table structure for table `class`
--

DROP TABLE IF EXISTS `class`;
/*!40101 SET @saved_cs_client     = @@character_set_client */;
/*!40101 SET character_set_client = utf8 */;
CREATE TABLE `class` (
  `id` int(10) unsigned NOT NULL AUTO_INCREMENT,
  `name` varchar(50) COLLATE utf8mb4_bin DEFAULT NULL,
  `time` time DEFAULT NULL,
  PRIMARY KEY (`id`)
) ENGINE=InnoDB AUTO_INCREMENT=3 DEFAULT CHARSET=utf8mb4 COLLATE=utf8mb4_bin;
/*!40101 SET character_set_client = @saved_cs_client */;

--
-- Dumping data for table `class`
--

LOCK TABLES `class` WRITE;
/*!40000 ALTER TABLE `class` DISABLE KEYS */;
INSERT INTO `class` VALUES
(1,'Math','10:00:00'),
(2,'Art','14:00:00');
/*!40000 ALTER TABLE `class` ENABLE KEYS */;
UNLOCK TABLES;

--
-- Table structure for table `student`
--

DROP TABLE IF EXISTS `student`;
/*!40101 SET @saved_cs_client     = @@character_set_client */;
/*!40101 SET character_set_client = utf8 */;
CREATE TABLE `student` (
  `id` int(10) unsigned NOT NULL AUTO_INCREMENT,
  `name` varchar(50) COLLATE utf8mb4_bin DEFAULT NULL,
  `date_of_birth` date DEFAULT NULL,
  PRIMARY KEY (`id`)
) ENGINE=InnoDB AUTO_INCREMENT=5 DEFAULT CHARSET=utf8mb4 COLLATE=utf8mb4_bin;
/*!40101 SET character_set_client = @saved_cs_client */;

--
-- Dumping data for table `student`
--

LOCK TABLES `student` WRITE;
/*!40000 ALTER TABLE `student` DISABLE KEYS */;
INSERT INTO `student` VALUES
(1,'Abby','1986-03-02'),
(2,'Bobby','1988-03-06'),
(3,'Jacl','1989-03-26'),
(4,'Susi','1988-12-16');
/*!40000 ALTER TABLE `student` ENABLE KEYS */;
UNLOCK TABLES;

--
-- Table structure for table `student_class`
--

DROP TABLE IF EXISTS `student_class`;
/*!40101 SET @saved_cs_client     = @@character_set_client */;
/*!40101 SET character_set_client = utf8 */;
CREATE TABLE `student_class` (
  `student_id` int(10) unsigned DEFAULT NULL,
  `class_id` int(10) unsigned DEFAULT NULL,
  `id` int(10) unsigned NOT NULL AUTO_INCREMENT,
  PRIMARY KEY (`id`),
  KEY `student_class_FK` (`student_id`),
  KEY `student_class_FK_1` (`class_id`),
  CONSTRAINT `student_class_FK` FOREIGN KEY (`student_id`) REFERENCES `student` (`id`) ON DELETE CASCADE ON UPDATE CASCADE,
  CONSTRAINT `student_class_FK_1` FOREIGN KEY (`class_id`) REFERENCES `class` (`id`) ON DELETE CASCADE ON UPDATE CASCADE
) ENGINE=InnoDB AUTO_INCREMENT=6 DEFAULT CHARSET=utf8mb4 COLLATE=utf8mb4_bin;
/*!40101 SET character_set_client = @saved_cs_client */;

--
-- Dumping data for table `student_class`
--

LOCK TABLES `student_class` WRITE;
/*!40000 ALTER TABLE `student_class` DISABLE KEYS */;
INSERT INTO `student_class` VALUES
(1,1,1),
(2,1,2),
(2,2,3),
(3,2,4),
(4,1,5);
/*!40000 ALTER TABLE `student_class` ENABLE KEYS */;
UNLOCK TABLES;

--
-- Dumping routines for database 'db_knowledge_relationships'
--
/*!40103 SET TIME_ZONE=@OLD_TIME_ZONE */;

/*!40101 SET SQL_MODE=@OLD_SQL_MODE */;
/*!40014 SET FOREIGN_KEY_CHECKS=@OLD_FOREIGN_KEY_CHECKS */;
/*!40014 SET UNIQUE_CHECKS=@OLD_UNIQUE_CHECKS */;
/*!40101 SET CHARACTER_SET_CLIENT=@OLD_CHARACTER_SET_CLIENT */;
/*!40101 SET CHARACTER_SET_RESULTS=@OLD_CHARACTER_SET_RESULTS */;
/*!40101 SET COLLATION_CONNECTION=@OLD_COLLATION_CONNECTION */;
/*!40111 SET SQL_NOTES=@OLD_SQL_NOTES */;

-- Dump completed on 2022-09-17 11:41:33
